io_id,label,stage,direction,pdf_page,coverage_status,evidence
IO_CMP_CatalystSupportRatio,Catalyst-support ratio mPtC,ITC,input,1,pdf_interface_schema_field,Field is represented in the derived PDF interface schema; no exact label match was found in the three original DECODE workflows.
IO_CMP_ICRatio,I/C-ratio mIC,ITC,input,1,pdf_interface_schema_field,Field is represented in the derived PDF interface schema; no exact label match was found in the three original DECODE workflows.
IO_CMP_IonomerCatalystDispersionParameter,Ionomer-catalyst dispersion parameter kA,ITC,input,1,pdf_interface_schema_field,Field is represented in the derived PDF interface schema; no exact label match was found in the three original DECODE workflows.
IO_CMP_TotalPoreVolume,Total pore volume Vpores,ITC,input,1,pdf_interface_schema_field,Field is represented in the derived PDF interface schema; no exact label match was found in the three original DECODE workflows.
IO_MAT_CatalystPoreSizeDistribution_phi1,Volume fraction of primary pores inside CCL phi1,ITC,input,1,pdf_interface_schema_field,Field is represented in the derived PDF interface schema; no exact label match was found in the three original DECODE workflows.
IO_MAT_CatalystPoreSizeDistribution_phi2,Volume fraction of secondary pores inside CCL phi2,ITC,input,1,pdf_interface_schema_field,Field is represented in the derived PDF interface schema; no exact label match was found in the three original DECODE workflows.
IO_MAT_CatalystPoreSizeDistribution_rMu1,Mean pore radius for CCL primary pores rMu1,ITC,input,1,pdf_interface_schema_field,Field is represented in the derived PDF interface schema; no exact label match was found in the three original DECODE workflows.
IO_MAT_CatalystPoreSizeDistribution_rMu2,Mean pore radius for CCL secondary pores rMu2,ITC,input,1,pdf_interface_schema_field,Field is represented in the derived PDF interface schema; no exact label match was found in the three original DECODE workflows.
IO_MAT_CatalystPoreSizeDistribution_sigmaR1,Standard deviation for CCL primary pores sigmaR1,ITC,input,1,pdf_interface_schema_field,Field is represented in the derived PDF interface schema; no exact label match was found in the three original DECODE workflows.
IO_MAT_CatalystPoreSizeDistribution_sigmaR2,Standard deviation for CCL primary pores sigmaR2,ITC,input,1,pdf_interface_schema_field,Field is represented in the derived PDF interface schema; no exact label match was found in the three original DECODE workflows.
IO_CMP_IonomerCatalystDegreeAlignment_deltaDAC,Ionomer-catalyst degree of alignment deltaDAC,ITC,input,1,pdf_interface_schema_field,Field is represented in the derived PDF interface schema; no exact label match was found in the three original DECODE workflows.
IO_CMP_IonomerCatalystDegreeAlignment_deltaDAPt,Ionomer-catalyst degree of alignment deltaDAPt,ITC,input,1,pdf_interface_schema_field,Field is represented in the derived PDF interface schema; no exact label match was found in the three original DECODE workflows.
IO_CMP_IonomerCatalystDegreeAlignment_deltaDAinf,Ionomer-catalyst degree of alignment deltaDAinf,ITC,input,1,pdf_interface_schema_field,Field is represented in the derived PDF interface schema; no exact label match was found in the three original DECODE workflows.
IO_MAT_CatalystSupportContactAngle,Catalyst support contact angle thetaC,ITC,input,1,pdf_interface_schema_field,Field is represented in the derived PDF interface schema; no exact label match was found in the three original DECODE workflows.
IO_MAT_CatalystActiveParticleContactAngle,Catalyst active particle contact angle thetaPt,ITC,input,1,pdf_interface_schema_field,Field is represented in the derived PDF interface schema; no exact label match was found in the three original DECODE workflows.
IO_MAT_IonomerContactAngles_thetaHI,Ionomer contact angle of HI pores thetaHI,ITC,input,1,pdf_interface_schema_field,Field is represented in the derived PDF interface schema; no exact label match was found in the three original DECODE workflows.
IO_MAT_IonomerContactAngles_thetaHO,Ionomer contact angles of HO pores thetaHO,ITC,input,1,pdf_interface_schema_field,Field is represented in the derived PDF interface schema; no exact label match was found in the three original DECODE workflows.
IO_MAT_IonomerInitialFilmThickness,Ionomer initial film thickness t0,ITC,input,1,pdf_interface_schema_field,Field is represented in the derived PDF interface schema; no exact label match was found in the three original DECODE workflows.
IO_CMP_MeanPoreRadiusInsideTheIonomer,Mean pore radius inside the ionomer rIon,ITC,input,1,pdf_interface_schema_field,Field is represented in the derived PDF interface schema; no exact label match was found in the three original DECODE workflows.
IO_MAT_CatalystActiveParticleDiameter,Catalyst active particle diameter rPt,ITC,input,1,pdf_interface_schema_field,Field is represented in the derived PDF interface schema; no exact label match was found in the three original DECODE workflows.
IO_CMP_SurfaceTensionOfWaterAtT353k,Surface tension of water at T = 353K gamma,ITC,input,1,pdf_interface_schema_field,Field is represented in the derived PDF interface schema; no exact label match was found in the three original DECODE workflows.
IO_MAT_IonomerDensityDry,Ionomer density (dry) rhoIon,ITC,input,1,pdf_interface_schema_field,Field is represented in the derived PDF interface schema; no exact label match was found in the three original DECODE workflows.
IO_MAT_CatalystActiveParticleDensity,Catalyst active particle density rhoPt,ITC,input,1,pdf_interface_schema_field,Field is represented in the derived PDF interface schema; no exact label match was found in the three original DECODE workflows.
IO_CMP_DensityOfCarbon,Density of carbon rhoC,ITC,input,1,pdf_interface_schema_field,Field is represented in the derived PDF interface schema; no exact label match was found in the three original DECODE workflows.
IO_SIM_CapillaryPressureRange,Capillary pressure range for WRC pc,ITC,output,2,pdf_interface_schema_field,Field is represented in the derived PDF interface schema; no exact label match was found in the three original DECODE workflows.
IO_CMP_CCLWaterRetentionCurve,CCL water saturation for WRC Sr,ITC,output,2,pdf_interface_schema_field,Field is represented in the derived PDF interface schema; no exact label match was found in the three original DECODE workflows.
IO_CMP_CCLFractionHydrophilicPores,CCL fraction of hydrophilic pores X1,ITC,output,2,pdf_interface_schema_field,Field is represented in the derived PDF interface schema; no exact label match was found in the three original DECODE workflows.
IO_CMP_CCLFractionHydrophobicPores,CCL fraction of hydrophobic pores X2,ITC,output,2,pdf_interface_schema_field,Field is represented in the derived PDF interface schema; no exact label match was found in the three original DECODE workflows.
IO_CMP_CCLEffectiveIonomerCoverage,CCL effective ionomer coverage aIon,ITC,output,2,pdf_interface_schema_field,Field is represented in the derived PDF interface schema; no exact label match was found in the three original DECODE workflows.
IO_CMP_CCLIonomerEffectiveFilmThickness,CCL ionomer effective film thickness t,ITC,output,2,pdf_interface_schema_field,Field is represented in the derived PDF interface schema; no exact label match was found in the three original DECODE workflows.
IO_CMP_CCLStructuralParameters_A1,CCL pore area of primary pores A1,ITC,output,2,pdf_interface_schema_field,Field is represented in the derived PDF interface schema; no exact label match was found in the three original DECODE workflows.
IO_CMP_CCLStructuralParameters_A2,CCL pore area of secondary pores A2,ITC,output,2,pdf_interface_schema_field,Field is represented in the derived PDF interface schema; no exact label match was found in the three original DECODE workflows.
IO_CMP_CCLStructuralParameters_Apores,CCL total pore area Apores,ITC,output,2,pdf_interface_schema_field,Field is represented in the derived PDF interface schema; no exact label match was found in the three original DECODE workflows.
IO_CMP_CCLStructuralParameters_deltaDA,CCL degree of alignment of ionomer film deltaDA,ITC,output,2,pdf_interface_schema_field,Field is represented in the derived PDF interface schema; no exact label match was found in the three original DECODE workflows.
IO_CMP_CCLStructuralParameters_ThetaPtC,CCL contact angle of PtC pore wall thetaPtC,ITC,output,2,pdf_interface_schema_field,Field is represented in the derived PDF interface schema; no exact label match was found in the three original DECODE workflows.
IO_CMP_CCLStructuralParameters_ThetaIon,CCL contact angle of ionomer pore wall thetaIon,ITC,output,2,pdf_interface_schema_field,Field is represented in the derived PDF interface schema; no exact label match was found in the three original DECODE workflows.
IO_CMP_CCLStructuralParameters_thetaCCL,CCL mean contact angle thetaCCL,ITC,output,2,pdf_interface_schema_field,Field is represented in the derived PDF interface schema; no exact label match was found in the three original DECODE workflows.
IO_CMP_CCLStructuralParameters_thetaCCLHI,CCL mean contact angle of HI pores thetaCCLHI,ITC,output,2,pdf_interface_schema_field,Field is represented in the derived PDF interface schema; no exact label match was found in the three original DECODE workflows.
IO_CMP_CCLStructuralParameters_thetaCCLHO,CCL mean contact angle of HO pores thetaCCLHO,ITC,output,2,pdf_interface_schema_field,Field is represented in the derived PDF interface schema; no exact label match was found in the three original DECODE workflows.
IO_CMP_CCLFractionHydrophobicPores_XHO,CCL fraction of hydrophobic pores X_HO,ITC,output,2,pdf_interface_schema_field,Field is represented in the derived PDF interface schema; no exact label match was found in the three original DECODE workflows.
IO_SIM_PoreSizeRange,Pore size for PSD r,ITC,output,2,pdf_interface_schema_field,Field is represented in the derived PDF interface schema; no exact label match was found in the three original DECODE workflows.
IO_CMP_CCLRefinedPoreSizeDistributionContactAngleDistribution_PSD,CCL refined pore size distribution PSD,ITC,output,2,pdf_interface_schema_field,Field is represented in the derived PDF interface schema; no exact label match was found in the three original DECODE workflows.
IO_SIM_ContactAngleRange,Contact angles for CAD cosTheta,ITC,output,2,pdf_interface_schema_field,Field is represented in the derived PDF interface schema; no exact label match was found in the three original DECODE workflows.
IO_CMP_CCLRefinedPoreSizeDistributionContactAngleDistribution_CAD,CCL contact angle distribution CAD,ITC,output,2,pdf_interface_schema_field,Field is represented in the derived PDF interface schema; no exact label match was found in the three original DECODE workflows.
IO_CMP_DensityOfCarbon,Density of carbon rhoC,CTP,input,3,pdf_interface_schema_field,Field is represented in the derived PDF interface schema; no exact label match was found in the three original DECODE workflows.
IO_MAT_CatalystActiveParticleDensity,Catalyst active particle density rhoPt,CTP,input,3,pdf_interface_schema_field,Field is represented in the derived PDF interface schema; no exact label match was found in the three original DECODE workflows.
IO_CMP_CatalystSupportRatio,Catalyst-support ratio mPtC,CTP,input,3,pdf_interface_schema_field,Field is represented in the derived PDF interface schema; no exact label match was found in the three original DECODE workflows.
IO_CMP_ICRatio,I/C-ratio mIC,CTP,input,3,pdf_interface_schema_field,Field is represented in the derived PDF interface schema; no exact label match was found in the three original DECODE workflows.
IO_CMP_TotalPoreVolume,Total pore volume Vpores,CTP,input,3,pdf_interface_schema_field,Field is represented in the derived PDF interface schema; no exact label match was found in the three original DECODE workflows.
IO_CMP_CCLFractionHydrophilicPores,CCL fraction of hydrophilic pores X1,CTP,input,3,pdf_interface_schema_field,Field is represented in the derived PDF interface schema; no exact label match was found in the three original DECODE workflows.
IO_CMP_CCLFractionHydrophobicPores,CCL fraction of hydrophobic pores X2,CTP,input,3,pdf_interface_schema_field,Field is represented in the derived PDF interface schema; no exact label match was found in the three original DECODE workflows.
IO_CMP_CCLFractionHydrophobicPores_XHO,CCL fraction of hydrophobic pores X_HO,CTP,input,3,pdf_interface_schema_field,Field is represented in the derived PDF interface schema; no exact label match was found in the three original DECODE workflows.
IO_SIM_CapillaryPressureRange,Capillary pressure range for WRC pc,CTP,input,3,pdf_interface_schema_field,Field is represented in the derived PDF interface schema; no exact label match was found in the three original DECODE workflows.
IO_CMP_CCLWaterRetentionCurve,CCL water saturation for WRC Sr,CTP,input,3,pdf_interface_schema_field,Field is represented in the derived PDF interface schema; no exact label match was found in the three original DECODE workflows.
IO_SIM_PoreSizeRange,Pore size for PSD r,CTP,input,3,pdf_interface_schema_field,Field is represented in the derived PDF interface schema; no exact label match was found in the three original DECODE workflows.
IO_CMP_CCLRefinedPoreSizeDistributionContactAngleDistribution_PSD,CCL refined pore size distribution PSD,CTP,input,3,pdf_interface_schema_field,Field is represented in the derived PDF interface schema; no exact label match was found in the three original DECODE workflows.
IO_CMP_PercolationThreshold,Percolation threshold X_c,CTP,input,3,pdf_interface_schema_field,Field is represented in the derived PDF interface schema; no exact label match was found in the three original DECODE workflows.
IO_CMP_VolumeFractionOfElectrolyte,Volume fraction of electrolyte X_el,CTP,input,3,pdf_interface_schema_field,Field is represented in the derived PDF interface schema; no exact label match was found in the three original DECODE workflows.
IO_CMP_VolumeFractionOfSolidPhasePtC,Volume fraction of solid phase (Pt + C) X_PtC,CTP,input,3,pdf_interface_schema_field,Field is represented in the derived PDF interface schema; no exact label match was found in the three original DECODE workflows.
IO_CMP_CCLPorosity,Volume fraction of pores in CCL X_p_CCL,CTP,input,3,pdf_interface_schema_field,Field is represented in the derived PDF interface schema; no exact label match was found in the three original DECODE workflows.
IO_CMP_VolumeFractionOfTotalHIPoresInCCL,Volume fraction of total HI pores in CCL X_p_HI,CTP,input,3,pdf_interface_schema_field,Field is represented in the derived PDF interface schema; no exact label match was found in the three original DECODE workflows.
IO_CMP_VolumeFractionOfHIPrimaryPoresInCCL,Volume fraction of HI primary pores in CCL X_p_HI_mu,CTP,input,3,pdf_interface_schema_field,Field is represented in the derived PDF interface schema; no exact label match was found in the three original DECODE workflows.
IO_CMP_VolumeFractionOfHISecondaryPoresInCCL,Volume fraction of HI secondary pores in CCL X_p_HI_M,CTP,input,3,pdf_interface_schema_field,Field is represented in the derived PDF interface schema; no exact label match was found in the three original DECODE workflows.
IO_CMP_RatioOfHiPrimaryToSecondaryPores,Ratio of HI primary to secondary pores chi_CCL,CTP,input,3,pdf_interface_schema_field,Field is represented in the derived PDF interface schema; no exact label match was found in the three original DECODE workflows.
IO_CMP_VolumeFractionOfHOPoresInCCL,Volume fraction of HO pores in CCL X_p_HO,CTP,input,3,pdf_interface_schema_field,Field is represented in the derived PDF interface schema; no exact label match was found in the three original DECODE workflows.
IO_CMP_MPLPorosity,Volume fraction of pores in MPL X_p_MPL,CTP,input,3,pdf_interface_schema_field,Field is represented in the derived PDF interface schema; no exact label match was found in the three original DECODE workflows.
IO_CMP_VolumeFractionOfPrimaryPoresInMPL,Volume fraction of primary pores in MPL X_p_MPL_mu,CTP,input,3,pdf_interface_schema_field,Field is represented in the derived PDF interface schema; no exact label match was found in the three original DECODE workflows.
IO_CMP_VolumeFractionOfSecondaryPoresInMPL,Volume fraction of secondary pores in MPL X_p_MPL_M,CTP,input,3,pdf_interface_schema_field,Field is represented in the derived PDF interface schema; no exact label match was found in the three original DECODE workflows.
IO_CMP_RatioOfMPLPoresToCracks,Ratio of MPL pores to cracks chi_MPL,CTP,input,3,pdf_interface_schema_field,Field is represented in the derived PDF interface schema; no exact label match was found in the three original DECODE workflows.
IO_CMP_VolumeFractionOfPrimaryPoresInGDL,Volume fraction of primary pores in GDL X_p_GDL_mu,CTP,input,3,pdf_interface_schema_field,Field is represented in the derived PDF interface schema; no exact label match was found in the three original DECODE workflows.
IO_CMP_VolumeFractionOfSecondaryPoresInGDL,Volume fraction of secondary pores in GDL X_p_GDL_M,CTP,input,3,pdf_interface_schema_field,Field is represented in the derived PDF interface schema; no exact label match was found in the three original DECODE workflows.
IO_CMP_RelativeWaterVolumeFractionInIonomer,Relative water volume fraction in ionomer epsilon_el,CTP,input,3,pdf_interface_schema_field,Field is represented in the derived PDF interface schema; no exact label match was found in the three original DECODE workflows.
IO_CMP_CriticalRadiusOfBottleneckPoresInCcl,Critical radius of bottleneck pores in CCL r_crit,CTP,input,3,pdf_interface_schema_field,Field is represented in the derived PDF interface schema; no exact label match was found in the three original DECODE workflows.
IO_CMP_CharacteristicRadiusOfPrimaryHiPores,Characteristic radius of primary HI pores r_mu_HI,CTP,input,3,pdf_interface_schema_field,Field is represented in the derived PDF interface schema; no exact label match was found in the three original DECODE workflows.
IO_CMP_CharacteristicRadiusOfSecondaryHiPores,Characteristic radius of secondary HI pores r_M_HI,CTP,input,4,pdf_interface_schema_field,Field is represented in the derived PDF interface schema; no exact label match was found in the three original DECODE workflows.
IO_CMP_CharacteristicRadiusOfHoPoresInCcl,Characteristic radius of HO pores in CCL r_HO,CTP,input,4,pdf_interface_schema_field,Field is represented in the derived PDF interface schema; no exact label match was found in the three original DECODE workflows.
IO_CMP_RadiusOfWaterFilledPoresInIonomer,Radius of water-filled pores in ionomer r_el,CTP,input,4,pdf_interface_schema_field,Field is represented in the derived PDF interface schema; no exact label match was found in the three original DECODE workflows.
IO_CMP_MinimalPoreRadiusInCcl,Minimal pore radius in CCL r_min,CTP,input,4,pdf_interface_schema_field,Field is represented in the derived PDF interface schema; no exact label match was found in the three original DECODE workflows.
IO_CMP_MaximalPoreRadiusInCcl,Maximal pore radius in CCL r_max,CTP,input,4,pdf_interface_schema_field,Field is represented in the derived PDF interface schema; no exact label match was found in the three original DECODE workflows.
IO_CMP_ReferenceCapillaryRadiusInCclHoPores,Reference capillary radius in CCL HO pores r_c_ref,CTP,input,4,pdf_interface_schema_field,Field is represented in the derived PDF interface schema; no exact label match was found in the three original DECODE workflows.
IO_CMP_CharacteristicRadiusOfPoresInMpl,Characteristic radius of pores in MPL r_MPL_mu,CTP,input,4,pdf_interface_schema_field,Field is represented in the derived PDF interface schema; no exact label match was found in the three original DECODE workflows.
IO_CMP_RadiusOfPoresCorrespondingToCracksInMpl,Radius of pores corresponding to cracks in MPL r_MPL_M,CTP,input,4,pdf_interface_schema_field,Field is represented in the derived PDF interface schema; no exact label match was found in the three original DECODE workflows.
IO_CMP_MinimalPoreRadiusInMpl,Minimal pore radius in MPL r_MPL_min,CTP,input,4,pdf_interface_schema_field,Field is represented in the derived PDF interface schema; no exact label match was found in the three original DECODE workflows.
IO_CMP_MaximalPoreRadiusInMpl,Maximal pore radius in MPL r_MPL_max,CTP,input,4,pdf_interface_schema_field,Field is represented in the derived PDF interface schema; no exact label match was found in the three original DECODE workflows.
IO_CMP_CriticalRadiusOfBottleneckPoresInMpl,Critical radius of bottleneck pores in MPL r_crit_MPL,CTP,input,4,pdf_interface_schema_field,Field is represented in the derived PDF interface schema; no exact label match was found in the three original DECODE workflows.
IO_CMP_CharacteristicRadiusOfPrimaryPoresInGdl,Characteristic radius of primary pores in GDL r_GDL_mu,CTP,input,4,pdf_interface_schema_field,Field is represented in the derived PDF interface schema; no exact label match was found in the three original DECODE workflows.
IO_CMP_CharacteristicRadiusOfSecondaryPoresInGdl,Characteristic radius of secondary pores in GDL r_GDL,CTP,input,4,pdf_interface_schema_field,Field is represented in the derived PDF interface schema; no exact label match was found in the three original DECODE workflows.
IO_CMP_MinimalPoreRadiusInGdl,Minimal pore radius in GDL r_GDL_min,CTP,input,4,pdf_interface_schema_field,Field is represented in the derived PDF interface schema; no exact label match was found in the three original DECODE workflows.
IO_CMP_MaximalPoreRadiusInGdl,Maximal pore radius in GDL r_GDL_max,CTP,input,4,pdf_interface_schema_field,Field is represented in the derived PDF interface schema; no exact label match was found in the three original DECODE workflows.
IO_CMP_CriticalRadiusOfBottleneckPoresInGdl,Critical radius of bottleneck pores in GDL r_crit_GDL,CTP,input,4,pdf_interface_schema_field,Field is represented in the derived PDF interface schema; no exact label match was found in the three original DECODE workflows.
IO_CMP_StdDevOfPsdOfPrimaryHiPoresInCcl,Std-dev of PSD of primary HI pores in CCL s_mu_HI,CTP,input,4,pdf_interface_schema_field,Field is represented in the derived PDF interface schema; no exact label match was found in the three original DECODE workflows.
IO_CMP_StdDevOfPsdOfSecondaryHiPoresInCcl,Std-dev of PSD of secondary HI pores in CCL s_M_HI,CTP,input,4,pdf_interface_schema_field,Field is represented in the derived PDF interface schema; no exact label match was found in the three original DECODE workflows.
IO_CMP_StdDevOfPsdOfHoPoresInCcl,Std-dev of PSD of HO pores in CCL s_HO,CTP,input,4,pdf_interface_schema_field,Field is represented in the derived PDF interface schema; no exact label match was found in the three original DECODE workflows.
IO_CMP_StdDevOfPsdOfPoresInMpl,Std-dev of PSD of pores in MPL s_MPL,CTP,input,4,pdf_interface_schema_field,Field is represented in the derived PDF interface schema; no exact label match was found in the three original DECODE workflows.
IO_CMP_StdDevOfPrimaryPoresInMpl,Std-dev of primary pores in MPL s_MPL_mu,CTP,input,4,pdf_interface_schema_field,Field is represented in the derived PDF interface schema; no exact label match was found in the three original DECODE workflows.
IO_CMP_StdDevOfPoresCorrespondingToCracksInMpl,Std-dev of pores corresponding to cracks in MPL s_MPL_M,CTP,input,4,pdf_interface_schema_field,Field is represented in the derived PDF interface schema; no exact label match was found in the three original DECODE workflows.
IO_CMP_StdDevOfPrimaryPoresInGdl,Std-dev of primary pores in GDL s_GDL_mu,CTP,input,4,pdf_interface_schema_field,Field is represented in the derived PDF interface schema; no exact label match was found in the three original DECODE workflows.
IO_CMP_StdDevOfSecondaryPoresInGdl,Std-dev of secondary pores in GDL s_GDL,CTP,input,4,pdf_interface_schema_field,Field is represented in the derived PDF interface schema; no exact label match was found in the three original DECODE workflows.
IO_CMP_TortuosityOfPores,Tortuosity of pores tau,CTP,input,4,pdf_interface_schema_field,Field is represented in the derived PDF interface schema; no exact label match was found in the three original DECODE workflows.
IO_CMP_ResidualDiffusivityFloodedCl,Residual diffusivity (flooded CL) D_res_CCL,CTP,input,4,pdf_interface_schema_field,Field is represented in the derived PDF interface schema; no exact label match was found in the three original DECODE workflows.
IO_CMP_ResidualDiffusivityFloodedDm,Residual diffusivity (flooded DM) D_res_DM,CTP,input,4,pdf_interface_schema_field,Field is represented in the derived PDF interface schema; no exact label match was found in the three original DECODE workflows.
IO_CMP_ResidualPermeabilityFloodedClDm,Residual permeability (flooded CL & DM) K_res,CTP,input,4,pdf_interface_schema_field,Field is represented in the derived PDF interface schema; no exact label match was found in the three original DECODE workflows.
IO_CMP_VaporizationRateConstant,Vaporization rate constant kappa,CTP,input,4,pdf_interface_schema_field,Field is represented in the derived PDF interface schema; no exact label match was found in the three original DECODE workflows.
IO_CMP_ExchangeCurrentDensity,Exchange current density j0,CTP,input,4,pdf_interface_schema_field,Field is represented in the derived PDF interface schema; no exact label match was found in the three original DECODE workflows.
IO_CMP_ContactAngleOfHiPoresInCcl,Contact angle of HI pores in CCL theta_CCL_HI,CTP,input,4,pdf_interface_schema_field,Field is represented in the derived PDF interface schema; no exact label match was found in the three original DECODE workflows.
IO_CMP_ContactAngleOfHoPoresInCcl,Contact angle of HO pores in CCL theta_CCL_HO,CTP,input,4,pdf_interface_schema_field,Field is represented in the derived PDF interface schema; no exact label match was found in the three original DECODE workflows.
IO_CMP_ContactAngleOfGdlForTheBaseCase,Contact angle of GDL for the base case theta_GDL,CTP,input,4,pdf_interface_schema_field,Field is represented in the derived PDF interface schema; no exact label match was found in the three original DECODE workflows.
IO_CMP_ContactAngleOfMpl,Contact angle of MPL theta_MPL,CTP,input,4,pdf_interface_schema_field,Field is represented in the derived PDF interface schema; no exact label match was found in the three original DECODE workflows.
IO_CMP_DynViscosityOfLiquidWaterT80C,Dyn. viscosity of liquid water (@ T=80 degC) mu_H2O,CTP,input,4,pdf_interface_schema_field,Field is represented in the derived PDF interface schema; no exact label match was found in the three original DECODE workflows.
IO_CMP_MolarVolumeOfLiquidWater,Molar volume of liquid water V_m,CTP,input,4,pdf_interface_schema_field,Field is represented in the derived PDF interface schema; no exact label match was found in the three original DECODE workflows.
IO_CMP_ActivationEnergyForEvaporation,Activation energy for evaporation E_a,CTP,input,4,pdf_interface_schema_field,Field is represented in the derived PDF interface schema; no exact label match was found in the three original DECODE workflows.
IO_CMP_PreExpFactorForPVSatCalculation,Pre-exp. factor for p_v_sat calculation q0,CTP,input,5,pdf_interface_schema_field,Field is represented in the derived PDF interface schema; no exact label match was found in the three original DECODE workflows.
IO_CMP_BoltzmannConstant,Boltzmann constant k_B,CTP,input,5,pdf_interface_schema_field,Field is represented in the derived PDF interface schema; no exact label match was found in the three original DECODE workflows.
IO_CMP_ConstrictivityFactorCclTasleem2018,Constrictivity factor CCL [Tasleem 2018] delta,CTP,input,5,pdf_interface_schema_field,Field is represented in the derived PDF interface schema; no exact label match was found in the three original DECODE workflows.
IO_CMP_ConstrictivityFactorGdlTasleem2018,Constrictivity factor GDL [Tasleem 2018] delta_GDL,CTP,input,5,pdf_interface_schema_field,Field is represented in the derived PDF interface schema; no exact label match was found in the three original DECODE workflows.
IO_CMP_ConstrictivityFactorMplTasleem2018,Constrictivity factor MPL [Tasleem 2018] delta_MPL,CTP,input,5,pdf_interface_schema_field,Field is represented in the derived PDF interface schema; no exact label match was found in the three original DECODE workflows.
IO_CMP_MinimalSaturationValueInsideGdl,Minimal saturation value inside GDL Sr_GDL_min,CTP,input,5,pdf_interface_schema_field,Field is represented in the derived PDF interface schema; no exact label match was found in the three original DECODE workflows.
IO_DEV_CellTemperature,Absolute temperature T,CTP,input,5,pdf_interface_schema_field,Field is represented in the derived PDF interface schema; no exact label match was found in the three original DECODE workflows.
IO_DEV_CellInletHumidification,Relative humidity RH,CTP,input,5,pdf_interface_schema_field,Field is represented in the derived PDF interface schema; no exact label match was found in the three original DECODE workflows.
IO_CMP_PlatinumLoading,Platinum loading m_Pt,CTP,input,5,pdf_interface_schema_field,Field is represented in the derived PDF interface schema; no exact label match was found in the three original DECODE workflows.
IO_CMP_SatVaporPressureForPlanarLiqInterface,Sat. vapor pressure for planar liq. Interface p_v_s_inf,CTP,input,5,pdf_interface_schema_field,Field is represented in the derived PDF interface schema; no exact label match was found in the three original DECODE workflows.
IO_DEV_CellInletPressure,Pressure of inlet gas p_g_in,CTP,input,5,pdf_interface_schema_field,Field is represented in the derived PDF interface schema; no exact label match was found in the three original DECODE workflows.
IO_CMP_PressureOfVaporInlet,Pressure of vapor inlet p_v_in,CTP,input,5,pdf_interface_schema_field,Field is represented in the derived PDF interface schema; no exact label match was found in the three original DECODE workflows.
IO_DEV_CellInletO2MoleFractionDry,Oxygen concentration (0.21 = Air) cO2,CTP,input,5,pdf_interface_schema_field,Field is represented in the derived PDF interface schema; no exact label match was found in the three original DECODE workflows.
IO_CMP_UniversalGasConstant,Universal gas constant R,CTP,input,5,pdf_interface_schema_field,Field is represented in the derived PDF interface schema; no exact label match was found in the three original DECODE workflows.
IO_CMP_FaradayConstant,Faraday constant F,CTP,input,5,pdf_interface_schema_field,Field is represented in the derived PDF interface schema; no exact label match was found in the three original DECODE workflows.
IO_CMP_AvogardoConstant,Avogardo constant NA,CTP,input,5,pdf_interface_schema_field,Field is represented in the derived PDF interface schema; no exact label match was found in the three original DECODE workflows.
IO_CMP_ElementaryCharge,Elementary charge e_0,CTP,input,5,pdf_interface_schema_field,Field is represented in the derived PDF interface schema; no exact label match was found in the three original DECODE workflows.
IO_CMP_MolecularWeightOfOxygen,Molecular weight of oxygen M_O2,CTP,input,5,pdf_interface_schema_field,Field is represented in the derived PDF interface schema; no exact label match was found in the three original DECODE workflows.
IO_CMP_MolecularWeightOfWaterVapor,Molecular weight of water vapor M_v,CTP,input,5,pdf_interface_schema_field,Field is represented in the derived PDF interface schema; no exact label match was found in the three original DECODE workflows.
IO_CMP_SurfaceTensionOfWaterAtT80C,Surface tension of water at T = 80 degC gamma,CTP,input,5,pdf_interface_schema_field,Field is represented in the derived PDF interface schema; no exact label match was found in the three original DECODE workflows.
IO_CMP_ChargeTransferSymmetryCoefficient,Charge transfer (symmetry coefficient) alpha,CTP,input,5,pdf_interface_schema_field,Field is represented in the derived PDF interface schema; no exact label match was found in the three original DECODE workflows.
IO_CMP_ThicknessOfCcl,Thickness of CCL L_CCL,CTP,input,5,pdf_interface_schema_field,Field is represented in the derived PDF interface schema; no exact label match was found in the three original DECODE workflows.
IO_CMP_ThicknessOfMpl,Thickness of MPL L_MPL,CTP,input,5,pdf_interface_schema_field,Field is represented in the derived PDF interface schema; no exact label match was found in the three original DECODE workflows.
IO_CMP_ThicknessOfGdl,Thickness of GDL L_GDL,CTP,input,5,pdf_interface_schema_field,Field is represented in the derived PDF interface schema; no exact label match was found in the three original DECODE workflows.
IO_SIM_SpatialGridPointsCCL,CCL spatial grid points N1,CTP,input,5,pdf_interface_schema_field,Field is represented in the derived PDF interface schema; no exact label match was found in the three original DECODE workflows.
IO_SIM_SpatialGridPointsMPL,CCL spatial grid points N2,CTP,input,5,pdf_interface_schema_field,Field is represented in the derived PDF interface schema; no exact label match was found in the three original DECODE workflows.
IO_SIM_SpatialGridPointsGDL,CCL spatial grid points N3,CTP,input,5,pdf_interface_schema_field,Field is represented in the derived PDF interface schema; no exact label match was found in the three original DECODE workflows.
IO_CMP_CCLWaterRetentionCurve_HI,CCL liquid water saturation associated with HI pores Sr_HI,CTP,output,6,pdf_interface_schema_field,Field is represented in the derived PDF interface schema; no exact label match was found in the three original DECODE workflows.
IO_CMP_CCLWaterRetentionCurve_HO,CCL liquid water saturation associated with HO pores Sr_HO,CTP,output,6,pdf_interface_schema_field,Field is represented in the derived PDF interface schema; no exact label match was found in the three original DECODE workflows.
IO_CMP_CCLEffectiveO2Diffusivity_HI,CCL effective O2 diffusivity HI D_O2_CCL_HI,CTP,output,6,pdf_interface_schema_field,Field is represented in the derived PDF interface schema; no exact label match was found in the three original DECODE workflows.
IO_CMP_CCLEffectiveO2Diffusivity_HO,CCL effective O2 diffusivity HO D_O2_CCL_HO,CTP,output,6,pdf_interface_schema_field,Field is represented in the derived PDF interface schema; no exact label match was found in the three original DECODE workflows.
IO_CMP_CCLEffectiveVaporDiffusivity_HI,CCL effective vapor diffusivity HI D_v_CCL_HI,CTP,output,6,pdf_interface_schema_field,Field is represented in the derived PDF interface schema; no exact label match was found in the three original DECODE workflows.
IO_CMP_CCLEffectiveVaporDiffusivity_HO,CCL effective vapor diffusivity HO D_v_CCL_HO,CTP,output,6,pdf_interface_schema_field,Field is represented in the derived PDF interface schema; no exact label match was found in the three original DECODE workflows.
IO_CMP_CCLEffectiveWaterPermeability_HI,CCL effective water permeability HI K_l_CCL_HI,CTP,output,6,pdf_interface_schema_field,Field is represented in the derived PDF interface schema; no exact label match was found in the three original DECODE workflows.
IO_CMP_CCLEffectiveWaterPermeability_HO,CCL effective water permeability HO K_l_CCL_HO,CTP,output,6,pdf_interface_schema_field,Field is represented in the derived PDF interface schema; no exact label match was found in the three original DECODE workflows.
IO_CMP_CCLEffectiveSaturationVaporPressure_HI,CCL saturation vapor pressure HI p_v_s_CCL_HI,CTP,output,6,pdf_interface_schema_field,Field is represented in the derived PDF interface schema; no exact label match was found in the three original DECODE workflows.
IO_CMP_CCLEffectiveSaturationVaporPressure_HO,CCL saturation vapor pressure HO p_v_s_CCL_HO,CTP,output,6,pdf_interface_schema_field,Field is represented in the derived PDF interface schema; no exact label match was found in the three original DECODE workflows.
IO_CMP_CCLVaporizationInterfacialAreaFactor_HI,CCL vaporization interfacial area factor HI xi_lv_CCL_HI,CTP,output,6,pdf_interface_schema_field,Field is represented in the derived PDF interface schema; no exact label match was found in the three original DECODE workflows.
IO_CMP_CCLVaporizationInterfacialAreaFactor_HO,CCL vaporization interfacial area factor HO xi_lv_CCL_HO,CTP,output,6,pdf_interface_schema_field,Field is represented in the derived PDF interface schema; no exact label match was found in the three original DECODE workflows.
IO_CMP_CCLORREffectiveExchangeCurrentDensity_HI,CCL ORR effective exchange current density HI j0_CCL_HI,CTP,output,6,pdf_interface_schema_field,Field is represented in the derived PDF interface schema; no exact label match was found in the three original DECODE workflows.
IO_CMP_CCLORREffectiveExchangeCurrentDensity_HO,CCL ORR effective exchange current density HO j0_CCL_HO,CTP,output,6,pdf_interface_schema_field,Field is represented in the derived PDF interface schema; no exact label match was found in the three original DECODE workflows.
IO_CMP_CCLWaterRetentionCurve_HI,CCL liquid water saturation associated with HI pores Sr_HI,PTP,input,7,pdf_interface_schema_field,Field is represented in the derived PDF interface schema; no exact label match was found in the three original DECODE workflows.
IO_CMP_CCLWaterRetentionCurve_HO,CCL liquid water saturation associated with HO pores Sr_HO,PTP,input,7,pdf_interface_schema_field,Field is represented in the derived PDF interface schema; no exact label match was found in the three original DECODE workflows.
IO_CMP_CCLEffectiveO2Diffusivity_HI,CCL effective O2 diffusivity HI D_O2_CCL_HI,PTP,input,7,pdf_interface_schema_field,Field is represented in the derived PDF interface schema; no exact label match was found in the three original DECODE workflows.
IO_CMP_CCLEffectiveO2Diffusivity_HO,CCL effective O2 diffusivity HO D_O2_CCL_HO,PTP,input,7,pdf_interface_schema_field,Field is represented in the derived PDF interface schema; no exact label match was found in the three original DECODE workflows.
IO_CMP_CCLEffectiveVaporDiffusivity_HI,CCL effective vapor diffusivity HI D_v_CCL_HI,PTP,input,7,pdf_interface_schema_field,Field is represented in the derived PDF interface schema; no exact label match was found in the three original DECODE workflows.
IO_CMP_CCLEffectiveVaporDiffusivity_HO,CCL effective vapor diffusivity HO D_v_CCL_HO,PTP,input,7,pdf_interface_schema_field,Field is represented in the derived PDF interface schema; no exact label match was found in the three original DECODE workflows.
IO_CMP_CCLEffectiveWaterPermeability_HI,CCL effective water permeability HI K_l_CCL_HI,PTP,input,7,pdf_interface_schema_field,Field is represented in the derived PDF interface schema; no exact label match was found in the three original DECODE workflows.
IO_CMP_CCLEffectiveWaterPermeability_HO,CCL effective water permeability HO K_l_CCL_HO,PTP,input,7,pdf_interface_schema_field,Field is represented in the derived PDF interface schema; no exact label match was found in the three original DECODE workflows.
IO_CMP_CCLEffectiveSaturationVaporPressure_HI,CCL saturation vapor pressure HI p_v_s_CCL_HI,PTP,input,7,pdf_interface_schema_field,Field is represented in the derived PDF interface schema; no exact label match was found in the three original DECODE workflows.
IO_CMP_CCLEffectiveSaturationVaporPressure_HO,CCL saturation vapor pressure HO p_v_s_CCL_HO,PTP,input,7,pdf_interface_schema_field,Field is represented in the derived PDF interface schema; no exact label match was found in the three original DECODE workflows.
IO_CMP_CCLVaporizationInterfacialAreaFactor_HI,CCL vaporization interfacial area factor HI xi_lv_CCL_HI,PTP,input,7,pdf_interface_schema_field,Field is represented in the derived PDF interface schema; no exact label match was found in the three original DECODE workflows.
IO_CMP_CCLVaporizationInterfacialAreaFactor_HO,CCL vaporization interfacial area factor HO xi_lv_CCL_HO,PTP,input,7,pdf_interface_schema_field,Field is represented in the derived PDF interface schema; no exact label match was found in the three original DECODE workflows.
IO_CMP_CCLORREffectiveExchangeCurrentDensity_HI,CCL ORR effective exchange current density HI j0_CCL_HI,PTP,input,7,pdf_interface_schema_field,Field is represented in the derived PDF interface schema; no exact label match was found in the three original DECODE workflows.
IO_CMP_CCLORREffectiveExchangeCurrentDensity_HO,CCL ORR effective exchange current density HO j0_CCL_HO,PTP,input,7,pdf_interface_schema_field,Field is represented in the derived PDF interface schema; no exact label match was found in the three original DECODE workflows.
IO_CMP_DensityOfCarbon,Density of carbon rhoC,PTP,input,7,pdf_interface_schema_field,Field is represented in the derived PDF interface schema; no exact label match was found in the three original DECODE workflows.
IO_MAT_CatalystActiveParticleDensity,Catalyst active particle density rhoPt,PTP,input,7,pdf_interface_schema_field,Field is represented in the derived PDF interface schema; no exact label match was found in the three original DECODE workflows.
IO_CMP_CatalystSupportRatio,Catalyst-support ratio mPtC,PTP,input,7,pdf_interface_schema_field,Field is represented in the derived PDF interface schema; no exact label match was found in the three original DECODE workflows.
IO_CMP_ICRatio,I/C-ratio mIC,PTP,input,7,pdf_interface_schema_field,Field is represented in the derived PDF interface schema; no exact label match was found in the three original DECODE workflows.
IO_CMP_TotalPoreVolume,Total pore volume Vpores,PTP,input,7,pdf_interface_schema_field,Field is represented in the derived PDF interface schema; no exact label match was found in the three original DECODE workflows.
IO_CMP_CCLFractionHydrophilicPores,CCL fraction of hydrophilic pores X1,PTP,input,7,pdf_interface_schema_field,Field is represented in the derived PDF interface schema; no exact label match was found in the three original DECODE workflows.
IO_CMP_CCLFractionHydrophobicPores,CCL fraction of hydrophobic pores X2,PTP,input,7,pdf_interface_schema_field,Field is represented in the derived PDF interface schema; no exact label match was found in the three original DECODE workflows.
IO_CMP_CCLFractionHydrophobicPores_XHO,CCL fraction of hydrophobic pores X_HO,PTP,input,7,pdf_interface_schema_field,Field is represented in the derived PDF interface schema; no exact label match was found in the three original DECODE workflows.
IO_SIM_CapillaryPressureRange,Capillary pressure range for WRC pc,PTP,input,7,pdf_interface_schema_field,Field is represented in the derived PDF interface schema; no exact label match was found in the three original DECODE workflows.
IO_CMP_CCLWaterRetentionCurve,CCL water saturation for WRC Sr,PTP,input,7,pdf_interface_schema_field,Field is represented in the derived PDF interface schema; no exact label match was found in the three original DECODE workflows.
IO_SIM_PoreSizeRange,Pore size for PSD r,PTP,input,7,pdf_interface_schema_field,Field is represented in the derived PDF interface schema; no exact label match was found in the three original DECODE workflows.
IO_CMP_CCLRefinedPoreSizeDistributionContactAngleDistribution_PSD,CCL refined pore size distribution PSD,PTP,input,7,pdf_interface_schema_field,Field is represented in the derived PDF interface schema; no exact label match was found in the three original DECODE workflows.
IO_CMP_PercolationThreshold,Percolation threshold X_c,PTP,input,7,pdf_interface_schema_field,Field is represented in the derived PDF interface schema; no exact label match was found in the three original DECODE workflows.
IO_CMP_VolumeFractionOfElectrolyte,Volume fraction of electrolyte X_el,PTP,input,7,pdf_interface_schema_field,Field is represented in the derived PDF interface schema; no exact label match was found in the three original DECODE workflows.
IO_CMP_VolumeFractionOfSolidPhasePtC,Volume fraction of solid phase (Pt + C) X_PtC,PTP,input,8,pdf_interface_schema_field,Field is represented in the derived PDF interface schema; no exact label match was found in the three original DECODE workflows.
IO_CMP_CCLPorosity,Volume fraction of pores in CCL X_p_CCL,PTP,input,8,pdf_interface_schema_field,Field is represented in the derived PDF interface schema; no exact label match was found in the three original DECODE workflows.
IO_CMP_VolumeFractionOfTotalHIPoresInCCL,Volume fraction of total HI pores in CCL X_p_HI,PTP,input,8,pdf_interface_schema_field,Field is represented in the derived PDF interface schema; no exact label match was found in the three original DECODE workflows.
IO_CMP_VolumeFractionOfHIPrimaryPoresInCCL,Volume fraction of HI primary pores in CCL X_p_HI_mu,PTP,input,8,pdf_interface_schema_field,Field is represented in the derived PDF interface schema; no exact label match was found in the three original DECODE workflows.
IO_CMP_VolumeFractionOfHISecondaryPoresInCCL,Volume fraction of HI secondary pores in CCL X_p_HI_M,PTP,input,8,pdf_interface_schema_field,Field is represented in the derived PDF interface schema; no exact label match was found in the three original DECODE workflows.
IO_CMP_RatioOfHiPrimaryToSecondaryPores,Ratio of HI primary to secondary pores chi_CCL,PTP,input,8,pdf_interface_schema_field,Field is represented in the derived PDF interface schema; no exact label match was found in the three original DECODE workflows.
IO_CMP_VolumeFractionOfHOPoresInCCL,Volume fraction of HO pores in CCL X_p_HO,PTP,input,8,pdf_interface_schema_field,Field is represented in the derived PDF interface schema; no exact label match was found in the three original DECODE workflows.
IO_CMP_MPLPorosity,Volume fraction of pores in MPL X_p_MPL,PTP,input,8,pdf_interface_schema_field,Field is represented in the derived PDF interface schema; no exact label match was found in the three original DECODE workflows.
IO_CMP_VolumeFractionOfPrimaryPoresInMPL,Volume fraction of primary pores in MPL X_p_MPL_mu,PTP,input,8,pdf_interface_schema_field,Field is represented in the derived PDF interface schema; no exact label match was found in the three original DECODE workflows.
IO_CMP_VolumeFractionOfSecondaryPoresInMPL,Volume fraction of secondary pores in MPL X_p_MPL_M,PTP,input,8,pdf_interface_schema_field,Field is represented in the derived PDF interface schema; no exact label match was found in the three original DECODE workflows.
IO_CMP_RatioOfMPLPoresToCracks,Ratio of MPL pores to cracks chi_MPL,PTP,input,8,pdf_interface_schema_field,Field is represented in the derived PDF interface schema; no exact label match was found in the three original DECODE workflows.
IO_CMP_VolumeFractionOfPrimaryPoresInGDL,Volume fraction of primary pores in GDL X_p_GDL_mu,PTP,input,8,pdf_interface_schema_field,Field is represented in the derived PDF interface schema; no exact label match was found in the three original DECODE workflows.
IO_CMP_VolumeFractionOfSecondaryPoresInGDL,Volume fraction of secondary pores in GDL X_p_GDL_M,PTP,input,8,pdf_interface_schema_field,Field is represented in the derived PDF interface schema; no exact label match was found in the three original DECODE workflows.
IO_CMP_RelativeWaterVolumeFractionInIonomer,Relative water volume fraction in ionomer epsilon_el,PTP,input,8,pdf_interface_schema_field,Field is represented in the derived PDF interface schema; no exact label match was found in the three original DECODE workflows.
IO_CMP_CriticalRadiusOfBottleneckPoresInCcl,Critical radius of bottleneck pores in CCL r_crit,PTP,input,8,pdf_interface_schema_field,Field is represented in the derived PDF interface schema; no exact label match was found in the three original DECODE workflows.
IO_CMP_CharacteristicRadiusOfPrimaryHiPores,Characteristic radius of primary HI pores r_mu_HI,PTP,input,8,pdf_interface_schema_field,Field is represented in the derived PDF interface schema; no exact label match was found in the three original DECODE workflows.
IO_CMP_CharacteristicRadiusOfSecondaryHiPores,Characteristic radius of secondary HI pores r_M_HI,PTP,input,8,pdf_interface_schema_field,Field is represented in the derived PDF interface schema; no exact label match was found in the three original DECODE workflows.
IO_CMP_CharacteristicRadiusOfHoPoresInCcl,Characteristic radius of HO pores in CCL r_HO,PTP,input,8,pdf_interface_schema_field,Field is represented in the derived PDF interface schema; no exact label match was found in the three original DECODE workflows.
IO_CMP_RadiusOfWaterFilledPoresInIonomer,Radius of water-filled pores in ionomer r_el,PTP,input,8,pdf_interface_schema_field,Field is represented in the derived PDF interface schema; no exact label match was found in the three original DECODE workflows.
IO_CMP_MinimalPoreRadiusInCcl,Minimal pore radius in CCL r_min,PTP,input,8,pdf_interface_schema_field,Field is represented in the derived PDF interface schema; no exact label match was found in the three original DECODE workflows.
IO_CMP_MaximalPoreRadiusInCcl,Maximal pore radius in CCL r_max,PTP,input,8,pdf_interface_schema_field,Field is represented in the derived PDF interface schema; no exact label match was found in the three original DECODE workflows.
IO_CMP_ReferenceCapillaryRadiusInCclHoPores,Reference capillary radius in CCL HO pores r_c_ref,PTP,input,8,pdf_interface_schema_field,Field is represented in the derived PDF interface schema; no exact label match was found in the three original DECODE workflows.
IO_CMP_CharacteristicRadiusOfPoresInMpl,Characteristic radius of pores in MPL r_MPL_mu,PTP,input,8,pdf_interface_schema_field,Field is represented in the derived PDF interface schema; no exact label match was found in the three original DECODE workflows.
IO_CMP_RadiusOfPoresCorrespondingToCracksInMpl,Radius of pores corresponding to cracks in MPL r_MPL_M,PTP,input,8,pdf_interface_schema_field,Field is represented in the derived PDF interface schema; no exact label match was found in the three original DECODE workflows.
IO_CMP_MinimalPoreRadiusInMpl,Minimal pore radius in MPL r_MPL_min,PTP,input,8,pdf_interface_schema_field,Field is represented in the derived PDF interface schema; no exact label match was found in the three original DECODE workflows.
IO_CMP_MaximalPoreRadiusInMpl,Maximal pore radius in MPL r_MPL_max,PTP,input,8,pdf_interface_schema_field,Field is represented in the derived PDF interface schema; no exact label match was found in the three original DECODE workflows.
IO_CMP_CriticalRadiusOfBottleneckPoresInMpl,Critical radius of bottleneck pores in MPL r_crit_MPL,PTP,input,8,pdf_interface_schema_field,Field is represented in the derived PDF interface schema; no exact label match was found in the three original DECODE workflows.
IO_CMP_CharacteristicRadiusOfPrimaryPoresInGdl,Characteristic radius of primary pores in GDL r_GDL_mu,PTP,input,8,pdf_interface_schema_field,Field is represented in the derived PDF interface schema; no exact label match was found in the three original DECODE workflows.
IO_CMP_CharacteristicRadiusOfSecondaryPoresInGdl,Characteristic radius of secondary pores in GDL r_GDL,PTP,input,8,pdf_interface_schema_field,Field is represented in the derived PDF interface schema; no exact label match was found in the three original DECODE workflows.
IO_CMP_MinimalPoreRadiusInGdl,Minimal pore radius in GDL r_GDL_min,PTP,input,8,pdf_interface_schema_field,Field is represented in the derived PDF interface schema; no exact label match was found in the three original DECODE workflows.
IO_CMP_MaximalPoreRadiusInGdl,Maximal pore radius in GDL r_GDL_max,PTP,input,8,pdf_interface_schema_field,Field is represented in the derived PDF interface schema; no exact label match was found in the three original DECODE workflows.
IO_CMP_CriticalRadiusOfBottleneckPoresInGdl,Critical radius of bottleneck pores in GDL r_crit_GDL,PTP,input,8,pdf_interface_schema_field,Field is represented in the derived PDF interface schema; no exact label match was found in the three original DECODE workflows.
IO_CMP_StdDevOfPsdOfPrimaryHiPoresInCcl,Std-dev of PSD of primary HI pores in CCL s_mu_HI,PTP,input,8,pdf_interface_schema_field,Field is represented in the derived PDF interface schema; no exact label match was found in the three original DECODE workflows.
IO_CMP_StdDevOfPsdOfSecondaryHiPoresInCcl,Std-dev of PSD of secondary HI pores in CCL s_M_HI,PTP,input,8,pdf_interface_schema_field,Field is represented in the derived PDF interface schema; no exact label match was found in the three original DECODE workflows.
IO_CMP_StdDevOfPsdOfHoPoresInCcl,Std-dev of PSD of HO pores in CCL s_HO,PTP,input,8,pdf_interface_schema_field,Field is represented in the derived PDF interface schema; no exact label match was found in the three original DECODE workflows.
IO_CMP_StdDevOfPsdOfPoresInMpl,Std-dev of PSD of pores in MPL s_MPL,PTP,input,8,pdf_interface_schema_field,Field is represented in the derived PDF interface schema; no exact label match was found in the three original DECODE workflows.
IO_CMP_StdDevOfPrimaryPoresInMpl,Std-dev of primary pores in MPL s_MPL_mu,PTP,input,8,pdf_interface_schema_field,Field is represented in the derived PDF interface schema; no exact label match was found in the three original DECODE workflows.
IO_CMP_StdDevOfPoresCorrespondingToCracksInMpl,Std-dev of pores corresponding to cracks in MPL s_MPL_M,PTP,input,9,pdf_interface_schema_field,Field is represented in the derived PDF interface schema; no exact label match was found in the three original DECODE workflows.
IO_CMP_StdDevOfPrimaryPoresInGdl,Std-dev of primary pores in GDL s_GDL_mu,PTP,input,9,pdf_interface_schema_field,Field is represented in the derived PDF interface schema; no exact label match was found in the three original DECODE workflows.
IO_CMP_StdDevOfSecondaryPoresInGdl,Std-dev of secondary pores in GDL s_GDL,PTP,input,9,pdf_interface_schema_field,Field is represented in the derived PDF interface schema; no exact label match was found in the three original DECODE workflows.
IO_CMP_TortuosityOfPores,Tortuosity of pores tau,PTP,input,9,pdf_interface_schema_field,Field is represented in the derived PDF interface schema; no exact label match was found in the three original DECODE workflows.
IO_CMP_ResidualDiffusivityFloodedCl,Residual diffusivity (flooded CL) D_res_CCL,PTP,input,9,pdf_interface_schema_field,Field is represented in the derived PDF interface schema; no exact label match was found in the three original DECODE workflows.
IO_CMP_ResidualDiffusivityFloodedDm,Residual diffusivity (flooded DM) D_res_DM,PTP,input,9,pdf_interface_schema_field,Field is represented in the derived PDF interface schema; no exact label match was found in the three original DECODE workflows.
IO_CMP_ResidualPermeabilityFloodedClDm,Residual permeability (flooded CL & DM) K_res,PTP,input,9,pdf_interface_schema_field,Field is represented in the derived PDF interface schema; no exact label match was found in the three original DECODE workflows.
IO_CMP_VaporizationRateConstant,Vaporization rate constant kappa,PTP,input,9,pdf_interface_schema_field,Field is represented in the derived PDF interface schema; no exact label match was found in the three original DECODE workflows.
IO_CMP_ExchangeCurrentDensity,Exchange current density j0,PTP,input,9,pdf_interface_schema_field,Field is represented in the derived PDF interface schema; no exact label match was found in the three original DECODE workflows.
IO_CMP_ContactAngleOfHiPoresInCcl,Contact angle of HI pores in CCL theta_CCL_HI,PTP,input,9,pdf_interface_schema_field,Field is represented in the derived PDF interface schema; no exact label match was found in the three original DECODE workflows.
IO_CMP_ContactAngleOfHoPoresInCcl,Contact angle of HO pores in CCL theta_CCL_HO,PTP,input,9,pdf_interface_schema_field,Field is represented in the derived PDF interface schema; no exact label match was found in the three original DECODE workflows.
IO_CMP_ContactAngleOfGdlForTheBaseCase,Contact angle of GDL for the base case theta_GDL,PTP,input,9,pdf_interface_schema_field,Field is represented in the derived PDF interface schema; no exact label match was found in the three original DECODE workflows.
IO_CMP_ContactAngleOfMpl,Contact angle of MPL theta_MPL,PTP,input,9,pdf_interface_schema_field,Field is represented in the derived PDF interface schema; no exact label match was found in the three original DECODE workflows.
IO_CMP_DynViscosityOfLiquidWaterT80C,Dyn. viscosity of liquid water (@ T=80 degC) mu_H2O,PTP,input,9,pdf_interface_schema_field,Field is represented in the derived PDF interface schema; no exact label match was found in the three original DECODE workflows.
IO_CMP_MolarVolumeOfLiquidWater,Molar volume of liquid water V_m,PTP,input,9,pdf_interface_schema_field,Field is represented in the derived PDF interface schema; no exact label match was found in the three original DECODE workflows.
IO_CMP_ActivationEnergyForEvaporation,Activation energy for evaporation E_a,PTP,input,9,pdf_interface_schema_field,Field is represented in the derived PDF interface schema; no exact label match was found in the three original DECODE workflows.
IO_CMP_PreExpFactorForPVSatCalculation,Pre-exp. factor for p_v_sat calculation q0,PTP,input,9,pdf_interface_schema_field,Field is represented in the derived PDF interface schema; no exact label match was found in the three original DECODE workflows.
IO_CMP_BoltzmannConstant,Boltzmann constant k_B,PTP,input,9,pdf_interface_schema_field,Field is represented in the derived PDF interface schema; no exact label match was found in the three original DECODE workflows.
IO_CMP_ConstrictivityFactorCclTasleem2018,Constrictivity factor CCL [Tasleem 2018] delta,PTP,input,9,pdf_interface_schema_field,Field is represented in the derived PDF interface schema; no exact label match was found in the three original DECODE workflows.
IO_CMP_ConstrictivityFactorGdlTasleem2018,Constrictivity factor GDL [Tasleem 2018] delta_GDL,PTP,input,9,pdf_interface_schema_field,Field is represented in the derived PDF interface schema; no exact label match was found in the three original DECODE workflows.
IO_CMP_ConstrictivityFactorMplTasleem2018,Constrictivity factor MPL [Tasleem 2018] delta_MPL,PTP,input,9,pdf_interface_schema_field,Field is represented in the derived PDF interface schema; no exact label match was found in the three original DECODE workflows.
IO_CMP_MinimalSaturationValueInsideGdl,Minimal saturation value inside GDL Sr_GDL_min,PTP,input,9,pdf_interface_schema_field,Field is represented in the derived PDF interface schema; no exact label match was found in the three original DECODE workflows.
IO_DEV_CellTemperature,Absolute temperature T,PTP,input,9,pdf_interface_schema_field,Field is represented in the derived PDF interface schema; no exact label match was found in the three original DECODE workflows.
IO_DEV_CellInletHumidification,Relative humidity RH,PTP,input,9,pdf_interface_schema_field,Field is represented in the derived PDF interface schema; no exact label match was found in the three original DECODE workflows.
IO_CMP_PlatinumLoading,Platinum loading m_Pt,PTP,input,9,pdf_interface_schema_field,Field is represented in the derived PDF interface schema; no exact label match was found in the three original DECODE workflows.
IO_CMP_SatVaporPressureForPlanarLiqInterface,Sat. vapor pressure for planar liq. Interface p_v_s_inf,PTP,input,9,pdf_interface_schema_field,Field is represented in the derived PDF interface schema; no exact label match was found in the three original DECODE workflows.
IO_DEV_CellInletPressure,Pressure of inlet gas p_g_in,PTP,input,9,pdf_interface_schema_field,Field is represented in the derived PDF interface schema; no exact label match was found in the three original DECODE workflows.
IO_CMP_PressureOfVaporInlet,Pressure of vapor inlet p_v_in,PTP,input,9,pdf_interface_schema_field,Field is represented in the derived PDF interface schema; no exact label match was found in the three original DECODE workflows.
IO_DEV_CellInletO2MoleFractionDry,Oxygen concentration (0.21 = Air) cO2,PTP,input,9,pdf_interface_schema_field,Field is represented in the derived PDF interface schema; no exact label match was found in the three original DECODE workflows.
IO_DEV_PotentialSweep,Voltage array for potential sweep eta,PTP,input,9,pdf_interface_schema_field,Field is represented in the derived PDF interface schema; no exact label match was found in the three original DECODE workflows.
IO_CMP_UniversalGasConstant,Universal gas constant R,PTP,input,9,pdf_interface_schema_field,Field is represented in the derived PDF interface schema; no exact label match was found in the three original DECODE workflows.
IO_CMP_FaradayConstant,Faraday constant F,PTP,input,9,pdf_interface_schema_field,Field is represented in the derived PDF interface schema; no exact label match was found in the three original DECODE workflows.
IO_CMP_AvogardoConstant,Avogardo constant NA,PTP,input,9,pdf_interface_schema_field,Field is represented in the derived PDF interface schema; no exact label match was found in the three original DECODE workflows.
IO_CMP_ElementaryCharge,Elementary charge e_0,PTP,input,9,pdf_interface_schema_field,Field is represented in the derived PDF interface schema; no exact label match was found in the three original DECODE workflows.
IO_CMP_MolecularWeightOfOxygen,Molecular weight of oxygen M_O2,PTP,input,9,pdf_interface_schema_field,Field is represented in the derived PDF interface schema; no exact label match was found in the three original DECODE workflows.
IO_CMP_MolecularWeightOfWaterVapor,Molecular weight of water vapor M_v,PTP,input,9,pdf_interface_schema_field,Field is represented in the derived PDF interface schema; no exact label match was found in the three original DECODE workflows.
IO_CMP_SurfaceTensionOfWaterAtT80C,Surface tension of water at T = 80 degC gamma,PTP,input,9,pdf_interface_schema_field,Field is represented in the derived PDF interface schema; no exact label match was found in the three original DECODE workflows.
IO_CMP_ChargeTransferSymmetryCoefficient,Charge transfer (symmetry coefficient) alpha,PTP,input,10,pdf_interface_schema_field,Field is represented in the derived PDF interface schema; no exact label match was found in the three original DECODE workflows.
IO_CMP_ThicknessOfCcl,Thickness of CCL L_CCL,PTP,input,10,pdf_interface_schema_field,Field is represented in the derived PDF interface schema; no exact label match was found in the three original DECODE workflows.
IO_CMP_ThicknessOfMpl,Thickness of MPL L_MPL,PTP,input,10,pdf_interface_schema_field,Field is represented in the derived PDF interface schema; no exact label match was found in the three original DECODE workflows.
IO_CMP_ThicknessOfGdl,Thickness of GDL L_GDL,PTP,input,10,pdf_interface_schema_field,Field is represented in the derived PDF interface schema; no exact label match was found in the three original DECODE workflows.
IO_SIM_SpatialGridPointsCCL,CCL spatial grid points N1,PTP,input,10,pdf_interface_schema_field,Field is represented in the derived PDF interface schema; no exact label match was found in the three original DECODE workflows.
IO_SIM_SpatialGridPointsMPL,CCL spatial grid points N2,PTP,input,10,pdf_interface_schema_field,Field is represented in the derived PDF interface schema; no exact label match was found in the three original DECODE workflows.
IO_SIM_SpatialGridPointsGDL,CCL spatial grid points N3,PTP,input,10,pdf_interface_schema_field,Field is represented in the derived PDF interface schema; no exact label match was found in the three original DECODE workflows.
IO_DEV_CellPolarizationCurveVoltage,Cell polarization curve voltage U,PTP,output,11,pdf_interface_schema_field,Field is represented in the derived PDF interface schema; no exact label match was found in the three original DECODE workflows.
IO_DEV_CellPolarizationCurveExchangeCurrentDensity,Cell polarization curve current density j,PTP,output,11,pdf_interface_schema_field,Field is represented in the derived PDF interface schema; no exact label match was found in the three original DECODE workflows.
IO_DEV_SpatialGridCCL,Spatial grid vector in CCL CCL.x,PTP,output,11,pdf_interface_schema_field,Field is represented in the derived PDF interface schema; no exact label match was found in the three original DECODE workflows.
IO_DEV_OxygenPressureDistributionCCL,Spatial distribution of oxygen pressure in CCL CCL.po2,PTP,output,11,pdf_interface_schema_field,Field is represented in the derived PDF interface schema; no exact label match was found in the three original DECODE workflows.
IO_DEV_VaporPressureDistributionCCL,Spatial distribution of vapor pressure in CCL CCL.pv,PTP,output,11,pdf_interface_schema_field,Field is represented in the derived PDF interface schema; no exact label match was found in the three original DECODE workflows.
IO_DEV_LiquidPressureDistributionCCL,Spatial distribution of liquid pressure in CCL CCL.pl,PTP,output,11,pdf_interface_schema_field,Field is represented in the derived PDF interface schema; no exact label match was found in the three original DECODE workflows.
IO_DEV_GasPressureDistributionCCL,Spatial distribution of gas pressure in CCL CCL.pg,PTP,output,11,pdf_interface_schema_field,Field is represented in the derived PDF interface schema; no exact label match was found in the three original DECODE workflows.
IO_DEV_OxygenFluxDistributionCCL,Spatial distribution of oxygen flux in CCL CCL.JO2,PTP,output,11,pdf_interface_schema_field,Field is represented in the derived PDF interface schema; no exact label match was found in the three original DECODE workflows.
IO_DEV_VaporFluxDistributionCCL,Spatial distribution of vapor flux in CCL CCL.Jv,PTP,output,11,pdf_interface_schema_field,Field is represented in the derived PDF interface schema; no exact label match was found in the three original DECODE workflows.
IO_DEV_LiquidFluxDistributionCCL,Spatial distribution of liquid flux in CCL CCL.Jl,PTP,output,11,pdf_interface_schema_field,Field is represented in the derived PDF interface schema; no exact label match was found in the three original DECODE workflows.
IO_DEV_SaturationDistributionCCL,Spatial distribution of CCL saturation CCL.Sr,PTP,output,11,pdf_interface_schema_field,Field is represented in the derived PDF interface schema; no exact label match was found in the three original DECODE workflows.
IO_DEV_SpatialGridGDL,Spatial grid vector in GDL GDL.x,PTP,output,11,pdf_interface_schema_field,Field is represented in the derived PDF interface schema; no exact label match was found in the three original DECODE workflows.
IO_DEV_OxygenPressureDistributionGDL,Spatial distribution of oxygen pressure in GDL GDL.po2,PTP,output,11,pdf_interface_schema_field,Field is represented in the derived PDF interface schema; no exact label match was found in the three original DECODE workflows.
IO_DEV_VaporPressureDistributionGDL,Spatial distribution of vapor pressure in GDL GDL.pv,PTP,output,11,pdf_interface_schema_field,Field is represented in the derived PDF interface schema; no exact label match was found in the three original DECODE workflows.
IO_DEV_LiquidPressureDistributionGDL,Spatial distribution of liquid pressure in GDL GDL.pl,PTP,output,11,pdf_interface_schema_field,Field is represented in the derived PDF interface schema; no exact label match was found in the three original DECODE workflows.
IO_DEV_GasPressureDistributionGDL,Spatial distribution of gas pressure in GDL GDL.pg,PTP,output,11,pdf_interface_schema_field,Field is represented in the derived PDF interface schema; no exact label match was found in the three original DECODE workflows.
IO_DEV_OxygenFluxDistributionGDL,Spatial distribution of oxygen flux in GDL GDL.JO2,PTP,output,11,pdf_interface_schema_field,Field is represented in the derived PDF interface schema; no exact label match was found in the three original DECODE workflows.
IO_DEV_VaporFluxDistributionGDL,Spatial distribution of vapor flux in GDL GDL.Jv,PTP,output,11,pdf_interface_schema_field,Field is represented in the derived PDF interface schema; no exact label match was found in the three original DECODE workflows.
IO_DEV_LiquidFluxDistributionGDL,Spatial distribution of liquid flux in GDL GDL.Jl,PTP,output,11,pdf_interface_schema_field,Field is represented in the derived PDF interface schema; no exact label match was found in the three original DECODE workflows.
IO_DEV_SaturationDistributionGDL,Spatial distribution of GDL saturation GDL.Sr,PTP,output,11,pdf_interface_schema_field,Field is represented in the derived PDF interface schema; no exact label match was found in the three original DECODE workflows.
IO_DEV_SpatialGridMPL,Spatial grid vector in MPL MPL.x,PTP,output,11,pdf_interface_schema_field,Field is represented in the derived PDF interface schema; no exact label match was found in the three original DECODE workflows.
IO_DEV_OxygenPressureDistributionMPL,Spatial distribution of oxygen pressure in MPL MPL.po2,PTP,output,11,pdf_interface_schema_field,Field is represented in the derived PDF interface schema; no exact label match was found in the three original DECODE workflows.
IO_DEV_VaporPressureDistributionMPL,Spatial distribution of vapor pressure in MPL MPL.pv,PTP,output,11,pdf_interface_schema_field,Field is represented in the derived PDF interface schema; no exact label match was found in the three original DECODE workflows.
IO_DEV_LiquidPressureDistributionMPL,Spatial distribution of liquid pressure in MPL MPL.pl,PTP,output,11,pdf_interface_schema_field,Field is represented in the derived PDF interface schema; no exact label match was found in the three original DECODE workflows.
IO_DEV_GasPressureDistributionMPL,Spatial distribution of gas pressure in MPL MPL.pg,PTP,output,11,pdf_interface_schema_field,Field is represented in the derived PDF interface schema; no exact label match was found in the three original DECODE workflows.
IO_DEV_OxygenFluxDistributionMPL,Spatial distribution of oxygen flux in MPL MPL.JO2,PTP,output,11,pdf_interface_schema_field,Field is represented in the derived PDF interface schema; no exact label match was found in the three original DECODE workflows.
IO_DEV_VaporFluxDistributionMPL,Spatial distribution of vapor flux in MPL MPL.Jv,PTP,output,11,pdf_interface_schema_field,Field is represented in the derived PDF interface schema; no exact label match was found in the three original DECODE workflows.
IO_DEV_LiquidFluxDistributionMPL,Spatial distribution of liquid flux in MPL MPL.Jl,PTP,output,11,pdf_interface_schema_field,Field is represented in the derived PDF interface schema; no exact label match was found in the three original DECODE workflows.
IO_DEV_SaturationDistributionMPL,Spatial distribution of MPL saturation MPL.Sr,PTP,output,11,pdf_interface_schema_field,Field is represented in the derived PDF interface schema; no exact label match was found in the three original DECODE workflows.
