canonical_method_id,resolution,resolved,source_reference,was_missing_from_manual_methods,workflow_id
BOSCH-Exp-electrical-tlm-characterization-gdl-defined-compression,manual_method_identifier,True,BOSCH-Exp-electrical-tlm-characterization-gdl-defined-compression,False,electrical-tlm-characterization-of-a-gdl-with-defined-compression
BOSCH-Exp-gas-permeability-gdl-defined-compression,manual_method_identifier,True,BOSCH-Exp-gas-permeability-gdl-defined-compression,False,gas-permeability-of-a-gdl-with-defined-compression
BOSCH-Exp-gdl-compressability,manual_method_identifier,True,BOSCH-Exp-gdl-compressability,False,gdl-compressability
,reviewed_graphml_identifier_alias,True,BOSCH-Exp-hg-porosimetry-gdl,True,hg-porosimetry-gdl
BOSCH-Mod-mpl-parameter-estimation-gdl-substrate,manual_method_identifier,True,BOSCH-Mod-mpl-parameter-estimation-gdl-substrate,False,mpl-parameter-estimation-from-gdl-and-substrate-data
CEA-Exp-blade-coating-decal-transfer-ref-pefc-ccm,manual_method_identifier,True,CEA-Exp-blade-coating-decal-transfer-ref-pefc-ccm,False,blade-coating-and-decal-transfer-for-ref-pefc-ccm
CEA-Exp-differential-cell-testing,manual_method_identifier,True,CEA-Exp-differential-cell-testing,False,differential-cell-testing
,reviewed_graphml_identifier_alias,True,CEA-Exp-electrical-conductivity,True,electrical-conductivity
,reviewed_graphml_identifier_alias,True,CEA-Exp-electrical-contact-resistance,True,electrical-contact-resistance
CEA-Exp-electron-tomography-pt-c-ionomer-cl,manual_method_identifier,True,CEA-Exp-electron-tomography-pt-c-ionomer-cl,False,electron-tomography-for-pt-c-and-ionomer-distribution-in-cl
CEA-Exp-electron-tomography-pt-ionomer-distribution-carbon-aggregate,manual_method_identifier,True,CEA-Exp-electron-tomography-pt-ionomer-distribution-carbon-aggregate,False,high-resolution-electron-tomography-for-accessing-pt-and-ionomer-distribution-on-carbon-aggregate
CEA-Exp-fib-sem-cl,manual_method_identifier,True,CEA-Exp-fib-sem-cl,False,fib-sem-on-cl-material
CEA-Exp-impregnation-immersion-blade-coating,manual_method_identifier,True,CEA-Exp-impregnation-immersion-blade-coating,False,impregnation-by-immersion-and-blade-coating
CEA-Exp-mea-assembly-pefc-ref-mea,manual_method_identifier,True,CEA-Exp-mea-assembly-pefc-ref-mea,False,mea-assembly-for-pefc-ref-mea
CEA-Exp-roller-mixer-zirconia-beads-ref-pefc-inks,manual_method_identifier,True,CEA-Exp-roller-mixer-zirconia-beads-ref-pefc-inks,False,roller-mixer-and-zirconia-beads-for-ref-pefc-inks
CEA-Exp-tem-eds-analysis-mea,manual_method_identifier,True,CEA-Exp-tem-eds-analysis-mea,False,tem-and-eds-analysis-of-mea
CEA-Mod-europium-2d-mea-model,manual_method_identifier,True,CEA-Mod-europium-2d-mea-model,False,cea-mea-model-europium-2d
CEA-Mod-europium-model-fitting,manual_method_identifier,True,CEA-Mod-europium-model-fitting,False,fitting-of-the-europium-model
CEA-Mod-hydrophobic-treatment-gdl-modeling,manual_method_identifier,True,CEA-Mod-hydrophobic-treatment-gdl-modeling,False,modeling-of-hydrophobic-treatment-of-gdl
,reviewed_graphml_identifier_alias,True,CEA-Mod-mpl-coating-gdl-modeling,True,modeling-of-mpl-coating-of-gdl
CEA-Mod-simulation-3d-properties-single-phase,manual_method_identifier,True,CEA-Mod-simulation-3d-properties-single-phase,False,simulation-of-single-phase-3d-apparent-properties
CEA-Mod-simulation-3d-properties-two-phase,manual_method_identifier,True,CEA-Mod-simulation-3d-properties-two-phase,False,simulation-of-two-phase-3d-apparent-properties
CIEMAT-Exp-current-modulated-hydrogen-flow-rate-spectroscopy,manual_method_identifier,True,CIEMAT-Exp-current-modulated-hydrogen-flow-rate-spectroscopy,False,current-modulated-hydrogen-flow-rate-spectroscopy-ch2s
CIEMAT-Exp-effective-proton-conductivity,manual_method_identifier,True,CIEMAT-Exp-effective-proton-conductivity,False,manual-ciemat-exp-effective-proton-conductivity
CIEMAT-Exp-electrospray-deposition-catalyst-layers,manual_method_identifier,True,CIEMAT-Exp-electrospray-deposition-catalyst-layers,False,electrospray-deposition-of-catalyst-layers
CIEMAT-Exp-ink-preparation-deposition-catalytic-layers,manual_method_identifier,True,CIEMAT-Exp-ink-preparation-deposition-catalytic-layers,False,ink-preparation-for-deposition-of-catalytic-layers
,reviewed_graphml_identifier_alias,True,CIEMAT-Exp-mechanical-properties-small-punch-nanoindentation,True,mechanical-properties-of-catalyst-layers-gdls-and-meas-by-small-punch-and-nanoindentation
CIEMAT-Exp-microscopy-sem-optical-mea-cross-section,manual_method_identifier,True,CIEMAT-Exp-microscopy-sem-optical-mea-cross-section,False,microscopy-sem-and-optical-in-mea-cross-section
CIEMAT-Exp-sem-fib-layer,manual_method_identifier,True,CIEMAT-Exp-sem-fib-layer,False,sem-and-fib-layer
CIEMAT-Exp-sem-fib-powder,manual_method_identifier,True,CIEMAT-Exp-sem-fib-powder,False,sem-and-fib-powder
CIEMAT-Exp-single-cell-polarization-eis,manual_method_identifier,True,CIEMAT-Exp-single-cell-polarization-eis,False,manual-ciemat-exp-single-cell-polarization-eis
CIEMAT-Mod-adsorbate-surface-diffusion-electrocatalyst-support,manual_method_identifier,True,CIEMAT-Mod-adsorbate-surface-diffusion-electrocatalyst-support,False,adsorbate-surface-diffusion-on-electrocatalyst-support
,reviewed_graphml_identifier_alias,True,CNRS-Unistra-Exp-irras-operando-in-situ-ftir,True,irras-operando-or-in-situ-ftir
,reviewed_graphml_identifier_alias,True,CNRS-Unistra-Exp-operando-in-situ-xps-dip-and-pull,True,dip-and-pull-operando-or-in-situ-xps
,reviewed_graphml_identifier_alias,True,CNRS-Unistra-Exp-operando-in-situ-xps-thin-windows,True,thin-windows-operando-or-in-situ-xps
DTU-Mod-dft-idealized-surfaces,manual_method_identifier,True,DTU-Mod-dft-idealized-surfaces,False,dft-onto-idealized-surfaces
ULEI-FZJ-IET-3-Mod-fitting-version-hierachical-model,reviewed_title_alias,True,Fitting Version of the Hierachical Model,True,fitting-version-of-the-hierachical-model
FZJ-IET-2-Exp-rheology,manual_method_identifier,True,FZJ-IET-2-Exp-rheology,False,rheology
,reviewed_graphml_identifier_alias,True,FZJ-IET-2-Exp-turbiscan-transmission-backscattering-stability-testing,True,turbiscan-transmission-and-backscattering-stability-testing
FZJ-IET-3-Mod-composition-property,manual_method_identifier,True,FZJ-IET-3-Mod-composition-property,False,iet-composition-to-property-model
FZJ-IET-3-Mod-diffusivities-tortuosities,manual_method_identifier,True,FZJ-IET-3-Mod-diffusivities-tortuosities,False,diffusivities-from-tortuosities
FZJ-IET-3-Mod-hierarchical-electrocatalytic-reactions,manual_method_identifier,True,FZJ-IET-3-Mod-hierarchical-electrocatalytic-reactions,False,hierarchical-model-for-electrocatalytic-reactions
FZJ-IET-3-Mod-ink-composition,manual_method_identifier,True,FZJ-IET-3-Mod-ink-composition,False,iet-ink-to-composition-model
,reviewed_graphml_identifier_alias,True,FZJ-IET-3-Mod-mea-water-transport-ccl-eis-model,True,iet-1d-mea-with-water-transport-in-ccl-eis-model
,reviewed_graphml_identifier_alias,True,FZJ-IET-3-Mod-mea-water-transport-eis-model,True,iet-1d-mea-with-water-transport-eis-model
,reviewed_graphml_identifier_alias,True,FZJ-IET-3-Mod-molecular-dynamics-electrode-ionomer,True,molecular-dynamics-for-the-electrode-electrolyte-interface-in-presence-of-ionomer
,reviewed_graphml_identifier_alias,True,FZJ-IET-3-Mod-particle-population-degradation-coupled-performance-fitting,True,0d-particle-population-degradation-model-coupled-with-performance-model-fitting
,reviewed_graphml_identifier_alias,True,FZJ-IET-3-Mod-particle-population-degradation-coupled-performance-prediction,True,0d-particle-population-degradation-model-coupled-with-performance-model-prediction
,reviewed_graphml_identifier_alias,True,FZJ-IET-3-Mod-particle-population-degradation-prediction,True,0d-particle-population-degradation-model-prediction
FZJ-IET-3-Mod-performance-model-mea-fitting,manual_method_identifier,True,FZJ-IET-3-Mod-performance-model-mea-fitting,False,iet-1d-performance-model-for-mea-fitting
FZJ-IET-3-Mod-performance-model-mea-prediction,manual_method_identifier,True,FZJ-IET-3-Mod-performance-model-mea-prediction,False,iet-1d-performance-model-for-mea-prediction
FZJ-IET-4-Exp-data-extraction-pewe-u-i-t,manual_method_identifier,True,FZJ-IET-4-Exp-data-extraction-pewe-u-i-t,False,data-extraction-from-existing-pewe-measurements-u-i-t
,reviewed_graphml_identifier_alias,True,FZJ-IET-4-Exp-eis-pewe,True,eis-on-pewe-cells
FZJ-IET-4-Exp-sheet-resistance-measurement,manual_method_identifier,True,FZJ-IET-4-Exp-sheet-resistance-measurement,False,sheet-resistance-measurement
,reviewed_graphml_identifier_alias,True,FZJ-IET-4-Exp-ultrasonic-spray-deposition-catalytic-layers,True,ultrasonic-spray-deposition-for-catalytic-layers
HTE-Mod-pemfc-4-fold-cell-benchtop-test,manual_method_identifier,True,HTE-Mod-pemfc-4-fold-cell-benchtop-test,False,manual-hte-mod-pemfc-4-fold-cell-benchtop-test
HZB-Exp-fib-gdl-mpl-catalyst,manual_method_identifier,True,HZB-Exp-fib-gdl-mpl-catalyst,False,fib-measurements-on-gdl-or-mpl-and-catalyst-materials
HZB-Exp-lab-ct-gdl-mpl,manual_method_identifier,True,HZB-Exp-lab-ct-gdl-mpl,False,lab-ct-measurements-on-gdl-or-mpl-materials
,reviewed_graphml_identifier_alias,True,HZB-Exp-neutron-imaging,True,neutron-imaging
HZB-Exp-sem-edx,manual_method_identifier,True,HZB-Exp-sem-edx,False,sem-and-edx
HZB-Exp-synch-ct-gdl-mpl,manual_method_identifier,True,HZB-Exp-synch-ct-gdl-mpl,False,synch-ct-measurements-on-gdl-or-mpl-materials
HZB-Mod-image-classification-fib-tomography,manual_method_identifier,True,HZB-Mod-image-classification-fib-tomography,False,image-classification-of-fib-tomography-data
HZB-Mod-image-classification-nm-scale,manual_method_identifier,True,HZB-Mod-image-classification-nm-scale,False,image-classification-on-nm-scale
HZB-Mod-image-classification-tem,manual_method_identifier,True,HZB-Mod-image-classification-tem,False,image-classification-on-tem-data
HZB-Mod-image-classification-x-ray-tomography,manual_method_identifier,True,HZB-Mod-image-classification-x-ray-tomography,False,image-classification-of-x-ray-tomography-data
HZB-Mod-image-parameter-extraction-2d,manual_method_identifier,True,HZB-Mod-image-parameter-extraction-2d,False,image-parameter-extraction-2d
HZB-Mod-image-parameter-extraction-3d-fib-tomography,manual_method_identifier,True,HZB-Mod-image-parameter-extraction-3d-fib-tomography,False,image-fib-tomography-dataparameter-extraction-3d
HZB-Mod-image-parameter-extraction-3d-tem,manual_method_identifier,True,HZB-Mod-image-parameter-extraction-3d-tem,False,image-tem-data-parameter-extraction-3d
HZB-Mod-image-parameter-extraction-3d-x-ray-tomography,manual_method_identifier,True,HZB-Mod-image-parameter-extraction-3d-x-ray-tomography,False,image-x-ray-tomography-data-parameter-extraction-3d
HZB-Mod-structural-digital-twins-multi-scale-tomographies,manual_method_identifier,True,HZB-Mod-structural-digital-twins-multi-scale-tomographies,False,ai-based-generation-of-structural-digital-twins-of-multi-scale-tomographies
,reviewed_graphml_identifier_alias,True,ICPEES-CNRS-Unistra-Exp-ast-nanostructured-electrodes,True,accelerated-stress-test-ast-on-nanostructured-electrodes
,reviewed_graphml_identifier_alias,True,ICPEES-CNRS-Unistra-Exp-clsm-acidic-gde,True,confocal-laser-scanning-microscope-clsm-and-fluorescent-probes-for-local-ph-assessment-in-acidic-med2
ICPEES-CNRS-Unistra-Exp-clsm-acidic-unsupported-electrodes,manual_method_identifier,True,ICPEES-CNRS-Unistra-Exp-clsm-acidic-unsupported-electrodes,False,confocal-laser-scanning-microscope-clsm-and-fluorescent-probes-for-local-ph-assessment-in-acidic-med
,reviewed_graphml_identifier_alias,True,ICPEES-CNRS-Unistra-Exp-clsm-alkaline-gde,True,confocal-laser-scanning-microscope-clsm-and-fluorescent-probes-for-local-ph-assessment-in-alkaline-m2
,reviewed_graphml_identifier_alias,True,ICPEES-CNRS-Unistra-Exp-clsm-alkaline-unsupported-electrodes,True,confocal-laser-scanning-microscope-clsm-and-fluorescent-probes-for-local-ph-assessment-in-alkaline-m
ICPEES-CNRS-Unistra-Exp-eis-nanostructured-electrodes,manual_method_identifier,True,ICPEES-CNRS-Unistra-Exp-eis-nanostructured-electrodes,False,eis-on-nanostructured-electrodes
,reviewed_graphml_identifier_alias,True,ICPEES-CNRS-Unistra-Exp-electrochemistry-rde-cell,True,model-electrochemistry-in-a-rde-cell
ICPEES-CNRS-Unistra-Exp-rde-nanostructured-electrodes,manual_method_identifier,True,ICPEES-CNRS-Unistra-Exp-rde-nanostructured-electrodes,False,rde-on-nanostructured-electrodes
ICPEES-CNRS-Unistra-Exp-transparent-electrodes-clsm,manual_method_identifier,True,ICPEES-CNRS-Unistra-Exp-transparent-electrodes-clsm,False,transparent-electrodes-for-clsm-applications
,reviewed_graphml_identifier_alias,True,ICPEES-CNRS-Unistra-Mod-molecular-dynamics-metalwalls,True,molecular-dynamics-for-the-electrode-electrolyte-interface-metalwalls
,reviewed_graphml_identifier_alias,True,ICPEES-CNRS-Unistra-PSI-Exp-cl-for-rde,True,cl-for-rde
ICPEES-CNRS-Unistra-PSI-Exp-dropcasted-ink-gc-tips,manual_method_identifier,True,ICPEES-CNRS-Unistra-PSI-Exp-dropcasted-ink-gc-tips,False,dropcasted-ink-on-gc-tips
ICPEES-CNRS-Unistra-PSI-Exp-gde-catalytic-layer-preparation,manual_method_identifier,True,ICPEES-CNRS-Unistra-PSI-Exp-gde-catalytic-layer-preparation,False,gde-catalytic-layer-preparation
ICPEES-CNRS-Unistra-PSI-Exp-gde-cell-electrochemical-studies,manual_method_identifier,True,ICPEES-CNRS-Unistra-PSI-Exp-gde-cell-electrochemical-studies,False,gde-cell-for-electrochemical-studies
ICPEES-CNRS-Unistra-PSI-Exp-in-situ-ftir-atr-configuration,manual_method_identifier,True,ICPEES-CNRS-Unistra-PSI-Exp-in-situ-ftir-atr-configuration,False,in-situ-fourier-transformed-ir-in-atr-configuration
,reviewed_graphml_identifier_alias,True,ICPEES-CNRS-Unistra-PSI-Exp-operando-in-situ-xas-photon-out,True,operando-or-in-situ-xas-photon-out
,reviewed_graphml_identifier_alias,True,ICPEES-CNRS-Unistra-PSI-Exp-operando-saxs-waxs,True,operando-saxs-or-waxs-small-or-wide-angle-x-ray-spectroscopy
ICPEES-CNRS-Unistra-PSI-Exp-prism-preparation-atr-ftir,manual_method_identifier,True,ICPEES-CNRS-Unistra-PSI-Exp-prism-preparation-atr-ftir,False,prism-preparation-for-atr-ftir
,reviewed_graphml_identifier_alias,True,INPT-Mod-cl-process-model,True,inpt-cl-process-model
INPT-Mod-distribution-contact-angles-ccl-fib-sem-image,manual_method_identifier,True,INPT-Mod-distribution-contact-angles-ccl-fib-sem-image,False,distribution-of-contact-angles-in-ccl-fib-sem-image-from-ionomer-reconstruction
,reviewed_graphml_identifier_alias,True,INPT-Mod-image-based-ccl-transport-property-computation,True,image-based-ccl-effective-transport-property-computation-from-numerical-simulations
INPT-Mod-ionomer-reconstruction-ccl-3d,manual_method_identifier,True,INPT-Mod-ionomer-reconstruction-ccl-3d,False,ionomer-reconstruction-in-ccl-3d-images
NEL-Exp-large-scale-durability-test,manual_method_identifier,True,NEL-Exp-large-scale-durability-test,False,manual-nel-exp-large-scale-durability-test
NEL-Exp-pewe-single-cell-benchtop-test,manual_method_identifier,True,NEL-Exp-pewe-single-cell-benchtop-test,False,manual-nel-exp-pewe-single-cell-benchtop-test
,reviewed_graphml_identifier_alias,True,PSI-Exp-cl-assessment-three-electrode-cell-xas-xanes-exafs-xrd,True,three-electrode-cell-assesement-of-cl-by-xas-xanes-exafs-xrd
PSI-Exp-cl-saturation-determination-saxs-sans,manual_method_identifier,True,PSI-Exp-cl-saturation-determination-saxs-sans,False,determination-of-cl-saturation-by-saxs-or-sans
PSI-Exp-contact-angle-extraction-ct-data,manual_method_identifier,True,PSI-Exp-contact-angle-extraction-ct-data,False,contact-angle-extraction-of-ct-data
PSI-Exp-ct-based-capillary-pressure-saturation,manual_method_identifier,True,PSI-Exp-ct-based-capillary-pressure-saturation,False,ct-based-capillary-pressure-saturation-curves
PSI-Exp-development-zero-gap-cell-gde-based-spectroscopy,manual_method_identifier,True,PSI-Exp-development-zero-gap-cell-gde-based-spectroscopy,False,development-of-a-zero-gap-cell-for-gde-based-spectrocopy-measurement
PSI-Exp-external-contact-angle-gdl,manual_method_identifier,True,PSI-Exp-external-contact-angle-gdl,False,external-contact-angle-of-a-gdl
PSI-Exp-hg-porosimetry-gdl,manual_method_identifier,True,PSI-Exp-hg-porosimetry-gdl,False,hg-porosimetry-gdl
PSI-Exp-mpl-saturation-determination-x-ray-ct,manual_method_identifier,True,PSI-Exp-mpl-saturation-determination-x-ray-ct,False,mpl-saturation-determination-from-x-ray-ct-data
PSI-Exp-pulsed-gas-analysis,manual_method_identifier,True,PSI-Exp-pulsed-gas-analysis,False,pulsed-gas-analysis
,reviewed_graphml_identifier_alias,True,PSI-Exp-rrde,True,rotating-ring-disk-electrode-rrde
PSI-Exp-wilhelmy-wettability-measurement,manual_method_identifier,True,PSI-Exp-wilhelmy-wettability-measurement,False,wilhelmy-wettability-measurement
PSI-Mod-voxel-3d-diffusivity-simulation,manual_method_identifier,True,PSI-Mod-voxel-3d-diffusivity-simulation,False,voxel-based-3d-effective-diffusivity-simulation
PSI-Mod-voxel-3d-electric-conductivity-simulation,manual_method_identifier,True,PSI-Mod-voxel-3d-electric-conductivity-simulation,False,voxel-based-3d-electric-conductiviy-simulation
PSI-Mod-voxel-3d-permability-simulation,manual_method_identifier,True,PSI-Mod-voxel-3d-permability-simulation,False,voxel-based-3d-permability-simulation
PSI-Mod-voxel-3d-thermal-conductivity-simulation,manual_method_identifier,True,PSI-Mod-voxel-3d-thermal-conductivity-simulation,False,voxel-based-3d-thermal-conductivity-simulation
PSI-Mod-water-retention-simulation,manual_method_identifier,True,PSI-Mod-water-retention-simulation,False,water-retention-curve-simulation
ULEI-Exp-rde-mono-polycrystalline-electrodes,manual_method_identifier,True,ULEI-Exp-rde-mono-polycrystalline-electrodes,False,rde-on-mono-or-polycrystalline-electrodes
,reviewed_graphml_identifier_alias,True,ULEI-Exp-rrde-acidic,True,rrde-on-model-electrodes-in-acidic-solutions
,reviewed_graphml_identifier_alias,True,ULEI-Exp-rrde-alkaline,True,rrde-on-model-electrodes-in-alkaline-solutions
ULEI-FZJ-IET-3-Mod-fitting-version-hierachical-model,manual_method_identifier,True,ULEI-FZJ-IET-3-Mod-fitting-version-hierachical-model,False,fitting-version-of-the-hierachical-model
,reviewed_graphml_identifier_alias,True,ULEI-Mod-diffusion-theory,True,diffusion-theory
,reviewed_graphml_identifier_alias,True,ULEI-Mod-rde-simulation-comsol,True,rde-simulation-in-comsol
,reviewed_graphml_identifier_alias,True,ULEI-Mod-rrde-simulation-comsol,True,rrde-simulation-in-comsol
,reviewed_graphml_identifier_alias,True,ULEI-Mod-rrde-theory,True,rrde-theory
